alpha,beta,mae,median_ae,r2,n,segment
0.6302974773956319,215.6462255205315,375.266350386637,279.6142291358814,0.8061636802948637,45828,Overall
0.7041574742098391,144.60442607850075,366.1098891266107,323.11833750613175,0.8427690235264175,40299,Core
0.563275952939428,316.5292996757855,418.1067360597855,245.9396230150769,0.7279318394859692,5529,Non-Core
0.9195123203718509,0.0005819696513888952,422.58609888324725,387.6614989778254,0.8757617168258595,22231,Trip
0.43620147914978485,266.38377483981685,134.68162681619305,95.54548010248607,0.6825827813249856,23597,Direct
0.8549690164783961,310.1920246545634,275.67175473861806,147.35800193855653,0.9365787797529364,18707,Core_Trip
0.42162757016019864,277.1716342004498,121.91382924371615,100.593582998334,0.7037132826946679,21592,Core_Direct
0.5555350212724713,439.95276996466123,480.657483524204,291.73002321809054,0.7250574019595268,3524,NonCore_Trip
0.5126262540532127,230.79015757863485,219.21076959115445,65.48483449921537,0.5452474006963108,2005,NonCore_Direct
