alpha,beta,mae,median_ae,r2,n,method,segment
0.6835942960063908,260.3460779857551,382.78984606098203,252.8835936921547,0.8074148636250039,45121,huber,Overall
0.6523720119038747,259.59405854895596,362.5919315116266,238.32936165874366,0.7930154202082507,36435,huber,Core
0.646522320971468,461.1315461914058,430.0402333182985,252.54396176904265,0.7552455508627407,8686,huber,Non-Core
0.9494902542910233,320.06547260765404,306.08281313659216,161.1382896794405,0.9151545467189348,22189,huber,Trip
0.4337419719682528,304.3899142411942,156.68985855922853,118.36255810548812,0.6333232123182648,22932,huber,Direct
0.986695879345829,314.9776427786998,153.78255398115553,100.23118295488439,0.9874089727857347,15905,huber,Core_Trip
0.4211553291862604,310.3880319800986,142.8088718310698,118.4746469702718,0.6363046969292963,20530,huber,Core_Direct
0.6467742000809032,551.4704411846573,424.5527405244763,230.23057870995297,0.7638910390758862,6284,huber,NonCore_Trip
0.4513976506697503,417.65471823821713,267.90317788625697,195.74810600244655,0.6108727586469302,2402,huber,NonCore_Direct
