alpha,beta,mae,median_ae,r2,n,segment
0.6539548124771573,217.75053371263448,367.27328991223465,266.8075827559964,0.8144138202338183,45792,Overall
0.7399599628310396,147.50416045911174,351.42606840844815,255.67625098160352,0.8525073042677898,40268,Core
0.5665025074297749,316.99112362783336,433.13638413395256,273.67205905845435,0.7172610680343174,5524,Non-Core
0.9195359967151051,0.0005473238975741365,424.2905377042083,384.5600135267489,0.870185221637042,22216,Trip
0.4373193250654023,292.2186518426628,146.1892066341109,103.61616973255741,0.6557534502082414,23576,Direct
0.9196584495605636,0.0005879567547892208,352.0902503902486,358.91309138578254,0.9164689233201291,18697,Core_Trip
0.4231771305789227,304.56248282194264,138.34635081917415,106.95765917019435,0.6583905728125494,21571,Core_Direct
0.5601681259947398,445.5653390434525,495.54216507455897,292.3302434563607,0.7162057264104476,3519,NonCore_Trip
0.499985497762356,236.35871266109322,221.93533063023605,78.23870444339502,0.5366214034424914,2005,NonCore_Direct
