alpha,beta,mae,median_ae,r2,n,segment
0.8443755577305705,290.58016179064833,301.50680284103754,162.521391029793,0.7740772176055046,2501,Overall
0.8516410480308596,277.61209348545145,283.0858595022913,164.39504171814247,0.7751376758285258,2390,Core
0.7335826192473522,752.2744739668717,575.7582486945112,173.88088865703412,0.6636123195312776,111,Non-Core
0.8091875731763045,403.2720617645044,312.15157487558605,95.54095826217849,0.7518432413280601,1829,Trip
0.8744172613015055,55.02635401788452,110.4614713544145,5.478431225816507,0.8260586068958763,672,Direct
0.8169706164900372,394.95869605378124,290.6934564244161,93.743647453427,0.7521918410345935,1751,Core_Trip
0.8779778054648876,47.05720578178019,81.23086674323798,0.15786216301819422,0.8703234523289889,639,Core_Direct
0.7445120469738337,812.886725957057,762.4873173668087,596.2500451471537,0.5856976252818125,78,NonCore_Trip
0.6658964693415602,828.7754543640956,155.90118097927876,17.268319363632827,0.7508541027344078,33,NonCore_Direct
