alpha,beta,mae,median_ae,r2,n,segment
0.6485070383427399,222.31037414598353,366.4087719709155,264.04225553511577,0.813223699092871,45804,Overall
0.7399588386160185,147.58636732525179,351.39315936192753,255.75685017568185,0.8524971984689754,40279,Core
0.5927376895849985,231.5187288228821,426.2789534495532,257.4558776542274,0.7325604666961312,5525,Non-Core
0.9195284420436177,0.0005717456853916743,425.086477100852,384.5604573402241,0.8693064503139898,22228,Trip
0.4372732489940471,292.2483561201686,146.2163971812128,103.61306509119834,0.6555014872767573,23576,Direct
0.9196587822976536,0.0005879850373078426,351.91441331904525,358.90970810714134,0.9164751913469453,18708,Core_Trip
0.42314047123483367,304.58097085326455,138.3491885335405,106.990150466547,0.658379058107238,21571,Core_Direct
0.5568442688332893,443.43548267295535,478.87151111481404,274.1167194265827,0.7270588709084764,3520,NonCore_Trip
0.49986592727054574,236.52583298384687,222.22282333819766,78.3718944612271,0.535215153657968,2005,NonCore_Direct
