alpha,beta,mae,median_ae,r2,n,segment
0.6432958918493568,226.683509125102,367.47760051769006,261.2815319185548,0.8102940351275899,45826,Overall
0.730050050784358,155.92659758032957,353.4900993603572,249.94012476087573,0.8484681166766435,40299,Core
0.5630421589699203,317.4827235327276,417.99675005146895,246.40351945702287,0.7280752767398762,5527,Non-Core
0.9195099521028056,0.0005858273362281212,428.4040742410847,387.7104630579574,0.8678756833922824,22230,Trip
0.43386595441700454,295.2352327561774,148.7662377453323,104.17374417956376,0.650692172850799,23596,Direct
0.8545422742747535,310.9581377750609,281.93581451253743,149.3399984074813,0.9287590709387721,18708,Core_Trip
0.41725893213276627,309.16460086609777,140.17220832898175,107.6637883067541,0.6538930355272804,21591,Core_Direct
0.5553049921117832,440.02421971147857,481.62577265616164,291.324559098598,0.7244231501027705,3522,NonCore_Trip
0.5130324202429339,230.58843854258598,217.81051895862763,64.81204549471204,0.5501928036355503,2005,NonCore_Direct
