alpha,beta,mae,median_ae,r2,n,segment
0.6481353340907341,222.5406160947325,366.25429637661904,263.8293099326103,0.8131480827271597,45804,Overall
0.7389839558723921,148.29523050014728,351.3418730616801,255.07159236747611,0.8522975898257386,40279,Core
0.5646633077017527,314.8249530643901,422.0133881496579,267.10130568252225,0.7281128539083811,5525,Non-Core
0.8390962513824334,291.05440966654726,363.6253737735334,182.55117211050617,0.8861450102907852,22228,Trip
0.4372072208259483,292.30745838831496,146.22170430591055,103.62515135415515,0.6554525651112602,23576,Direct
0.9196448586059589,0.0005879162973639613,352.20507765655157,358.85279791836047,0.9163801131292709,18708,Core_Trip
0.4230750690937009,304.6372310441202,138.34408502695945,107.02483999850494,0.6583576376014488,21571,Core_Direct
0.5568858103032567,443.3287598191419,478.7241082560204,274.13903401059156,0.7272155624939647,3520,NonCore_Trip
0.49981695564419115,236.65790900510197,222.29838497037574,78.49007389152939,0.5351304366382921,2005,NonCore_Direct
