alpha,beta,mae,median_ae,r2,n,segment
0.6303711938568275,215.55789487735012,375.2766491772632,279.70559035858275,0.8061829310479525,45828,Overall
0.7041544515380949,144.59810628379134,366.11488158921554,323.1562548528358,0.842763465346088,40300,Core
0.5632799919369765,316.6191859900666,418.21438133929956,246.037966348302,0.7278492017659951,5528,Non-Core
0.9195125211287956,0.0005816281737546237,422.52449924196884,387.6696982170699,0.8757961548041974,22231,Trip
0.4362027908010203,266.37448331749914,134.68335807511698,95.53663710715489,0.6825574492517716,23597,Direct
0.8549651049809408,310.1900502427979,275.68428022304,147.3977972648213,0.9365778629264723,18708,Core_Trip
0.42162553764170024,277.1628422645626,121.9115642678947,100.58409967558163,0.7037125655605345,21592,Core_Direct
0.5555627069460981,439.97814140165997,480.8249263726058,291.8127946891166,0.7249841572298072,3523,NonCore_Trip
0.512611998421811,230.84765028040113,219.25650036364783,65.45803530320973,0.545209037361855,2005,NonCore_Direct
