alpha,beta,mae,median_ae,r2,n,segment
0.6477348146083813,223.0494536386143,365.9063891518847,263.4524864946444,0.8130739150126979,45805,Overall
0.7390508652747622,148.255028032801,351.3289401147349,255.12707299886233,0.8523263559778602,40278,Core
0.5632997260895437,317.2126336335179,417.69898141751565,246.67273417085676,0.7283618993956282,5527,Non-Core
0.8389206538420979,291.2711284230208,365.0912480595695,182.3922943703909,0.885316001226574,22229,Trip
0.43890939407999324,291.267933046067,146.8566043130375,103.79767518501171,0.6554219446878078,23576,Direct
0.9196448736198318,0.0005879224259343844,352.22049874742817,358.70398905473894,0.9163818382050826,18707,Core_Trip
0.42311267135937164,304.61804610705735,138.3411716515025,106.99173435943851,0.6583692441766411,21571,Core_Direct
0.5555006366108979,440.0597181672302,481.20265518572904,291.76568253779055,0.724788019478668,3522,NonCore_Trip
0.5130456327092128,230.56513344231357,217.78342326302348,64.80690310652085,0.550300311137228,2005,NonCore_Direct
