alpha,beta,mae,median_ae,r2,n,segment
0.6484024129708474,222.34868033509926,366.42348367961415,264.05382110549635,0.8131971243620966,45794,Overall
0.7399424314164941,147.54534512116467,351.4257096393563,255.6923650256349,0.8525033570043057,40268,Core
0.5927347068916181,231.59919185811094,426.1768833719216,257.5296684902253,0.7326751101544036,5526,Non-Core
0.9195276821030864,0.0005718406376856868,425.3209204809189,384.56523007601606,0.8692666052939336,22218,Trip
0.4373004412595485,292.2436798879678,146.2224568723043,103.62775137855158,0.6554710912710534,23576,Direct
0.9196584829091357,0.0005879870566625695,352.08083407382844,359.06210624445794,0.9164734889688748,18697,Core_Trip
0.4231661067284044,304.5691099975964,138.3533264507278,106.96636201480624,0.6583785631565666,21571,Core_Direct
0.5568020744861482,443.3430420023269,478.6589280181864,272.19736462255696,0.7271029794954809,3521,NonCore_Trip
0.49983157624835756,236.65761813067465,222.30591337953626,78.4939318798356,0.5350887512977855,2005,NonCore_Direct
