alpha,beta,mae,median_ae,r2,n,segment
0.6525129034908759,177.51244008319495,379.00436409179264,290.71751539515026,0.8134068937248352,45852,Overall
0.7012120472721792,146.65694638079117,368.65610685477066,322.06788445469135,0.8401214260325134,40323,Core
0.5631134007519187,316.8647889809321,419.537003457224,245.9347538741913,0.7256974724428134,5529,Non-Core
0.8390647650767337,289.5945418452182,360.8566537618678,183.84128662222986,0.8920030403425282,22255,Trip
0.4316718028986007,270.43341137351763,136.44400355704047,98.04616674442718,0.6758916147001324,23597,Direct
0.8567170767006952,292.7257428631878,276.7699358226031,164.02348976053804,0.9371205748656894,18731,Core_Trip
0.41665161588802285,281.5133844561718,123.18024865848048,103.24269949537313,0.7001551545342903,21592,Core_Direct
0.5554041764956245,439.1470339133241,481.9131943090202,293.7827939323779,0.7229774756611362,3524,NonCore_Trip
0.5121219359740183,232.05152706661025,221.55334249407977,65.30930185933926,0.5319386873792071,2005,NonCore_Direct
