alpha,beta,mae,median_ae,r2,n,segment
0.6304862910213177,215.4855837586835,375.18439737344295,279.87388752212007,0.8062628749673013,45827,Overall
0.7043256757972322,144.35384699781977,366.1207426549,323.49533772146214,0.8427680695759435,40298,Core
0.5633467399957172,317.28896553781254,417.50041557384975,246.84750572270264,0.7285231347248816,5529,Non-Core
0.9195128267580661,0.0005817195264315223,422.75807003311013,387.7102724324089,0.8756934720715509,22231,Trip
0.4364833420357668,265.952963635503,134.4538517876522,95.21105359820865,0.6834319425869086,23596,Direct
0.9196457393337891,0.0005848773020964747,347.14815490127063,361.2444167237877,0.9248111082190986,18707,Core_Trip
0.42183104805788885,276.8415102961667,121.78410880668022,100.3326746736036,0.7040783554278035,21591,Core_Direct
0.5886312807966009,324.81941639117895,494.68235824245176,274.7803372572432,0.7296614051337766,3524,NonCore_Trip
0.5130325045619769,230.5883552792649,217.81052075146593,64.81194721244174,0.550192851978501,2005,NonCore_Direct
