alpha,beta,mae,median_ae,r2,n,segment
0.6334911326468124,213.1530119725691,373.4399642754443,281.08360227529124,0.8085399231952735,45830,Overall
0.7093380445071902,140.9712769342891,363.776019322349,325.0580082629541,0.8459549126384195,40301,Core
0.5938049417826247,227.37392423757345,422.63941227223086,246.03158616842973,0.7327301353871358,5529,Non-Core
0.8391428224691516,289.9171863601129,360.8298354351187,183.47469198852036,0.8920097652417863,22233,Trip
0.44074549144017644,262.51052212615673,133.1723571093483,93.22607957495433,0.6863399394050989,23597,Direct
0.9196464471450644,0.0005849776157043538,346.340161927752,359.1617841806037,0.9250484954442985,18709,Core_Trip
0.4265890183857247,273.00609567856543,120.7863422953725,98.11574381995888,0.7072169499218665,21592,Core_Direct
0.5554975177773428,440.05952234920784,480.8676656152929,291.7590205179845,0.724724076907811,3524,NonCore_Trip
0.5125525684933724,230.9626268842755,219.44138481557437,65.47101605172998,0.544339030022649,2005,NonCore_Direct
