alpha,beta,mae,median_ae,r2,n,segment
0.6279448385450896,217.58639342365947,377.2105473852118,278.4651410361999,0.8039816692487253,45852,Overall
0.7006056495263218,146.96225743943432,368.4613455229712,321.9625767214328,0.8399941764885039,40323,Core
0.5632857543603624,315.94805349914947,418.3776457863043,245.37889945612596,0.7274990708305608,5529,Non-Core
0.9195128264883586,0.0005733180718848474,422.19071746609353,385.45125826614003,0.8757676613967594,22255,Trip
0.4316787251220284,270.35342982726826,136.2592698159493,97.96855229388939,0.6776741734966375,23597,Direct
0.9196466759365135,0.0005845463682743788,346.36866445603124,357.7321052226205,0.9249352450984825,18731,Core_Trip
0.416653109398207,281.5058958258137,123.17703512477505,103.23571890138714,0.7001559853313478,21592,Core_Direct
0.5555897296311526,438.6113251553431,480.8630135063803,294.59881475995667,0.7246578688122419,3524,NonCore_Trip
0.5126902959912185,230.80697516901364,219.83956338958734,65.33012953382627,0.5408120893918988,2005,NonCore_Direct
