alpha,beta,mae,median_ae,r2,n,segment
0.628838049008004,216.79785790389013,376.0393442184113,278.9635732027227,0.8049995332475555,45852,Overall
0.6957569218385363,154.79032112093677,366.7011905997534,315.881211417179,0.8392987212693632,40323,Core
0.5632857543146192,315.94805322176956,418.3776457464224,245.3788990829671,0.7274990707633942,5529,Non-Core
0.9195117761669546,0.0005829478833873995,422.6053196223132,385.45720499865,0.8756725626942452,22255,Trip
0.4339549523925862,268.3570398375504,135.50413032825122,96.75053183630519,0.6797066673290038,23597,Direct
0.9196456429101381,0.0005851641708723667,346.86191587599075,362.2444300827957,0.9248258679749133,18731,Core_Trip
0.41916802341785675,279.2958747843698,122.50899405391726,102.00436468921907,0.7019520532737724,21592,Core_Direct
0.555589729623366,438.61132513347377,480.8630135019392,294.59881472468896,0.7246578688047027,3524,NonCore_Trip
0.5126902959991584,230.8069751512819,219.8395633880387,65.33012953446269,0.5408120893905852,2005,NonCore_Direct
