alpha,beta,mae,median_ae,r2,n,segment
0.6465120768673919,223.73995723750627,366.48519816126674,263.16500606131274,0.812242350604844,45805,Overall
0.760406250290428,117.9650798894734,352.4844526825008,275.5145419153738,0.8566107157801488,40279,Core
0.562380831429127,315.3895211667874,421.6180907500197,262.19971608211745,0.7261507025922873,5526,Non-Core
0.8396552846135399,273.08573750405145,367.2355882925025,194.30879828644197,0.8856175571110585,22229,Trip
0.43787243703429957,291.88114428504264,146.41845864775985,103.67251098142219,0.6554816650278954,23576,Direct
0.9196448291152723,0.0005878897746701445,352.22057958139334,358.70380712639735,0.9163744483524668,18708,Core_Trip
0.4231126712320529,304.61804631217115,138.34117165213422,106.99173433137719,0.6583692441906908,21571,Core_Direct
0.5550495000789932,440.41364091598376,482.7381783017008,291.18427488312636,0.7238153125527879,3521,NonCore_Trip
0.5042511865949137,234.3413340406277,220.53773965385173,77.43179272490511,0.5401541781866198,2005,NonCore_Direct
